Reason_1,Reason_2,Reason_3,Reason_4,Date,Transportation Expense,Distance to Work,Age,Daily Work Load Average,Body Mass Index,Education,Children,Pets,Absenteeism Time in Hours,Month Value,Day of the week
0,0,0,1,07-07-15,289,36,33,239.554,30,0,2,1,4,7,1
0,0,0,0,14-07-15,118,13,50,239.554,31,0,1,0,0,7,1
0,0,0,1,15-07-15,179,51,38,239.554,31,0,0,0,2,7,2
1,0,0,0,16-07-15,279,5,39,239.554,24,0,2,0,4,7,3
0,0,0,1,23-07-15,289,36,33,239.554,30,0,2,1,2,7,3
0,0,0,1,10-07-15,179,51,38,239.554,31,0,0,0,2,7,4
0,0,0,1,17-07-15,361,52,28,239.554,27,0,1,4,8,7,4
0,0,0,1,24-07-15,260,50,36,239.554,23,0,4,0,4,7,4
0,0,1,0,06-07-15,155,12,34,239.554,25,0,2,0,40,7,0
0,0,0,1,13-07-15,235,11,37,239.554,29,1,1,1,8,7,0
1,0,0,0,20-07-15,260,50,36,239.554,23,0,4,0,8,7,0
1,0,0,0,14-07-15,260,50,36,239.554,23,0,4,0,8,7,1
1,0,0,0,15-07-15,260,50,36,239.554,23,0,4,0,8,7,2
1,0,0,0,15-07-15,179,51,38,239.554,31,0,0,0,1,7,2
0,0,0,1,15-07-15,179,51,38,239.554,31,0,0,0,4,7,2
1,0,0,0,17-07-15,246,25,41,239.554,23,0,0,0,8,7,4
0,0,0,1,17-07-15,179,51,38,239.554,31,0,0,0,2,7,4
0,0,1,0,27-07-15,179,51,38,239.554,31,0,0,0,8,7,0
1,0,0,0,30-07-15,189,29,33,239.554,25,0,2,2,8,7,3
0,0,0,1,05-08-15,248,25,47,205.917,32,0,2,1,2,8,2
1,0,0,0,12-08-15,330,16,28,205.917,25,1,0,0,8,8,2
1,0,0,0,03-08-15,179,51,38,205.917,31,0,0,0,1,8,0
1,0,0,0,10-08-15,361,52,28,205.917,27,0,1,4,40,8,0
0,0,0,1,14-08-15,260,50,36,205.917,23,0,4,0,4,8,4
0,0,1,0,17-08-15,289,36,33,205.917,30,0,2,1,8,8,0
0,0,0,1,24-08-15,361,52,28,205.917,27,0,1,4,7,8,0
0,0,0,1,04-08-15,289,36,33,205.917,30,0,2,1,1,8,1
0,0,0,1,12-08-15,157,27,29,205.917,22,0,0,0,4,8,2
0,0,1,0,19-08-15,289,36,33,205.917,30,0,2,1,8,8,2
0,0,0,1,28-08-15,179,51,38,205.917,31,0,0,0,2,8,4
0,0,1,0,17-08-15,179,51,38,205.917,31,0,0,0,8,8,0
0,0,1,0,27-08-15,235,29,48,205.917,33,0,1,5,8,8,3
0,0,0,1,27-08-15,235,11,37,205.917,29,1,1,1,4,8,3
0,0,1,0,17-08-15,235,29,48,205.917,33,0,1,5,8,8,0
0,0,0,1,17-08-15,179,51,38,205.917,31,0,0,0,2,8,0
0,0,0,1,17-08-15,361,52,28,205.917,27,0,1,4,1,8,0
0,0,0,1,04-08-15,289,36,33,205.917,30,0,2,1,8,8,1
1,0,0,0,20-08-15,291,50,32,205.917,23,0,0,0,4,8,3
0,0,0,1,21-08-15,235,29,48,205.917,33,0,1,5,8,8,4
0,0,0,1,28-08-15,260,50,36,205.917,23,0,4,0,4,8,4
0,0,0,1,01-09-15,184,42,27,241.476,21,0,0,0,2,9,1
0,0,0,1,07-09-15,118,10,37,241.476,28,0,0,0,4,9,0
0,0,0,1,01-09-15,179,51,38,241.476,31,0,0,0,4,9,1
0,0,1,0,08-09-15,235,20,43,241.476,38,0,1,0,8,9,1
0,0,0,1,09-09-15,155,12,34,241.476,25,0,2,0,2,9,2
0,0,0,1,13-09-15,118,10,37,241.476,28,0,0,0,3,9,6
0,0,0,1,14-09-15,179,51,38,241.476,31,0,0,0,3,9,0
0,0,0,1,24-09-15,291,31,40,241.476,25,0,1,1,4,9,3
0,0,0,1,04-09-15,260,50,36,241.476,23,0,4,0,8,9,4
1,0,0,0,14-09-15,291,31,40,241.476,25,0,1,1,32,9,0
0,0,0,0,21-09-15,260,50,36,241.476,23,0,4,0,0,9,0
0,0,0,0,28-09-15,225,26,28,241.476,24,0,1,2,0,9,0
0,0,0,1,08-09-15,225,26,28,241.476,24,0,1,2,2,9,1
0,0,0,1,15-09-15,118,10,37,241.476,28,0,0,0,2,9,1
0,0,0,0,22-09-15,289,36,33,241.476,30,0,2,1,0,9,1
0,0,0,0,29-09-15,118,13,50,241.476,31,0,1,0,0,9,1
0,0,1,0,16-09-15,225,26,28,241.476,24,0,1,2,3,9,2
0,0,0,1,23-09-15,179,51,38,241.476,31,0,0,0,3,9,2
0,0,0,0,30-09-15,369,17,31,241.476,25,0,3,0,0,9,2
0,0,0,1,11-09-15,248,25,47,241.476,32,0,2,1,1,9,4
0,0,0,1,18-09-15,179,51,38,241.476,31,0,0,0,3,9,4
0,0,0,1,25-09-15,260,50,36,241.476,23,0,4,0,4,9,4
0,0,0,1,06-10-15,179,51,38,253.465,31,0,0,0,3,10,1
0,0,0,1,13-10-15,118,10,37,253.465,28,0,0,0,3,10,1
0,0,0,0,14-10-15,118,13,50,253.465,31,0,1,0,0,10,2
0,0,0,1,15-10-15,179,26,30,253.465,19,1,0,0,1,10,3
0,0,0,1,16-10-15,179,51,38,253.465,31,0,0,0,3,10,4
0,0,0,1,16-10-15,225,26,28,253.465,24,0,1,2,3,10,4
0,0,0,1,06-10-15,118,10,37,253.465,28,0,0,0,3,10,1
0,0,0,1,14-10-15,225,26,28,253.465,24,0,1,2,2,10,2
0,0,0,1,21-10-15,248,25,47,253.465,32,0,2,1,2,10,2
0,0,0,1,22-10-15,291,31,40,253.465,25,0,1,1,5,10,3
0,0,0,1,21-10-15,179,51,38,253.465,31,0,0,0,8,10,2
0,0,0,1,21-10-15,225,26,28,253.465,24,0,1,2,3,10,2
0,0,1,0,22-10-15,260,50,36,253.465,23,0,4,0,16,10,3
1,0,0,0,13-10-15,291,31,40,253.465,25,0,1,1,8,10,1
0,0,0,1,20-10-15,225,26,28,253.465,24,0,1,2,2,10,1
0,0,0,1,21-10-15,289,36,33,253.465,30,0,2,1,8,10,2
0,0,0,1,23-10-15,361,52,28,253.465,27,0,1,4,1,10,4
0,0,0,1,30-10-15,260,50,36,253.465,23,0,4,0,3,10,4
0,0,0,1,05-11-15,179,51,38,306.345,31,0,0,0,1,11,3
0,0,0,1,04-11-15,225,26,28,306.345,24,0,1,2,1,11,2
1,0,0,0,05-11-15,179,51,38,306.345,31,0,0,0,8,11,3
0,0,1,0,12-11-15,179,22,40,306.345,22,1,2,0,8,11,3
0,0,0,1,19-11-15,291,31,40,306.345,25,0,1,1,5,11,3
1,0,0,0,02-11-15,155,12,34,306.345,25,0,2,0,32,11,0
0,0,0,1,09-11-15,189,29,33,306.345,25,0,2,2,8,11,0
1,0,0,0,16-11-15,291,31,40,306.345,25,0,1,1,40,11,0
0,0,0,1,18-11-15,225,26,28,306.345,24,0,1,2,1,11,2
1,0,0,0,20-11-15,155,12,34,306.345,25,0,2,0,8,11,4
0,0,0,1,18-11-15,225,26,28,306.345,24,0,1,2,3,11,2
0,0,1,0,25-11-15,179,22,40,306.345,22,1,2,0,8,11,2
1,0,0,0,20-11-15,225,26,28,306.345,24,0,1,2,3,11,4
0,0,0,1,27-11-15,260,50,36,306.345,23,0,4,0,4,11,4
0,0,0,1,02-11-15,248,25,47,306.345,32,0,2,1,1,11,0
0,0,0,1,10-11-15,225,26,28,306.345,24,0,1,2,3,11,1
1,0,0,0,11-11-15,289,36,33,306.345,30,0,2,1,24,11,2
0,0,0,1,26-11-15,291,31,40,306.345,25,0,1,1,3,11,3
0,0,0,1,01-12-15,248,25,47,261.306,32,0,2,1,1,12,1
0,0,1,0,01-12-15,118,10,37,261.306,28,0,0,0,64,12,1
0,0,0,1,02-12-15,118,13,50,261.306,31,0,1,0,2,12,2
0,0,0,1,02-12-15,235,11,37,261.306,29,1,1,1,8,12,2
0,0,0,1,03-12-15,225,26,28,261.306,24,0,1,2,2,12,3
0,0,0,1,04-12-15,260,50,36,261.306,23,0,4,0,8,12,4
0,0,1,0,08-12-15,118,10,37,261.306,28,0,0,0,56,12,1
0,0,0,1,09-12-15,361,52,28,261.306,27,0,1,4,8,12,2
0,0,0,1,10-12-15,225,26,28,261.306,24,0,1,2,3,12,3
0,0,0,1,11-12-15,260,50,36,261.306,23,0,4,0,3,12,4
0,0,0,1,15-12-15,225,26,28,261.306,24,0,1,2,2,12,1
0,0,0,1,16-12-15,361,52,28,261.306,27,0,1,4,8,12,2
0,0,0,1,11-12-15,118,10,37,261.306,28,0,0,0,2,12,4
0,0,1,0,18-12-15,246,25,41,261.306,23,0,0,0,8,12,4
0,0,0,1,18-12-15,225,26,28,261.306,24,0,1,2,2,12,4
0,0,0,1,06-01-16,225,26,28,308.593,24,0,1,2,1,1,2
0,0,1,0,04-01-16,118,10,37,308.593,28,0,0,0,1,1,0
0,0,0,1,05-01-16,118,10,37,308.593,28,0,0,0,1,1,1
0,0,1,0,05-01-16,155,12,34,308.593,25,0,2,0,8,1,1
0,0,0,1,06-01-16,225,26,28,308.593,24,0,1,2,2,1,2
0,0,0,1,07-01-16,184,42,27,308.593,21,0,0,0,2,1,3
0,0,0,1,07-01-16,225,26,28,308.593,24,0,1,2,2,1,3
0,0,0,1,08-01-16,225,26,28,308.593,24,0,1,2,1,1,4
0,0,0,1,11-01-16,118,10,37,308.593,28,0,0,0,2,1,0
0,0,0,1,12-01-16,225,26,28,308.593,24,0,1,2,2,1,1
0,0,0,1,12-01-16,118,10,37,308.593,28,0,0,0,2,1,1
0,0,0,1,13-01-16,118,10,37,308.593,28,0,0,0,2,1,2
0,0,0,1,14-01-16,118,10,37,308.593,28,0,0,0,2,1,3
0,0,0,1,15-01-16,118,10,37,308.593,28,0,0,0,2,1,4
0,0,0,1,11-01-16,118,10,37,308.593,28,0,0,0,2,1,0
0,0,0,1,12-01-16,118,10,37,308.593,28,0,0,0,2,1,1
0,0,1,0,12-01-16,179,26,30,308.593,19,1,0,0,8,1,1
0,0,1,0,12-01-16,289,36,33,308.593,30,0,2,1,8,1,1
0,0,0,1,13-01-16,118,10,37,308.593,28,0,0,0,2,1,2
0,0,0,1,21-01-16,184,42,27,308.593,21,0,0,0,2,1,3
0,0,0,1,28-01-16,118,10,37,308.593,28,0,0,0,2,1,3
0,0,0,1,25-01-16,118,10,37,308.593,28,0,0,0,0,1,0
0,0,0,1,26-01-16,225,26,28,308.593,24,0,1,2,1,1,1
0,0,0,1,28-01-16,289,36,33,308.593,30,0,2,1,3,1,3
0,0,0,1,05-02-16,184,42,27,302.585,21,0,0,0,1,2,4
1,0,0,0,03-02-16,246,25,41,302.585,23,0,0,0,8,2,2
1,0,0,0,10-02-16,179,51,38,302.585,31,0,0,0,8,2,2
0,0,0,1,11-02-16,155,12,34,302.585,25,0,2,0,2,2,3
0,0,0,1,11-02-16,189,29,33,302.585,25,0,2,2,8,2,3
0,0,0,1,12-02-16,260,50,36,302.585,23,0,4,0,2,2,4
0,0,0,1,12-02-16,289,36,33,302.585,30,0,2,1,8,2,4
1,0,0,0,08-02-16,388,15,50,302.585,24,0,0,0,8,2,0
1,0,0,0,09-02-16,388,15,50,302.585,24,0,0,0,8,2,1
0,0,0,1,15-02-16,225,26,28,302.585,24,0,1,2,2,2,0
0,0,0,1,09-02-16,225,26,28,302.585,24,0,1,2,2,2,1
0,0,0,1,16-02-16,179,26,30,302.585,19,1,0,0,1,2,1
0,0,0,1,23-02-16,184,42,27,302.585,21,0,0,0,8,2,1
0,0,0,1,25-02-16,225,26,28,302.585,24,0,1,2,3,2,3
0,0,1,0,15-02-16,330,16,28,302.585,25,1,0,0,8,2,0
0,0,0,1,16-02-16,330,16,28,302.585,25,1,0,0,1,2,1
0,0,0,1,17-02-16,225,26,28,302.585,24,0,1,2,1,2,2
0,0,1,0,25-02-16,189,29,33,302.585,25,0,2,2,8,2,3
0,0,0,1,01-03-16,291,50,32,343.253,23,0,0,0,2,3,1
0,0,1,0,01-03-16,260,50,36,343.253,23,0,4,0,8,3,1
0,0,1,0,08-03-16,157,27,29,343.253,22,0,0,0,3,3,1
0,1,0,0,15-03-16,179,22,40,343.253,22,1,2,0,8,3,1
0,0,0,1,16-03-16,291,31,40,343.253,25,0,1,1,8,3,2
1,0,0,0,02-03-16,260,50,36,343.253,23,0,4,0,8,3,2
1,0,0,0,03-03-16,179,26,30,343.253,19,1,0,0,8,3,3
1,0,0,0,04-03-16,248,25,47,343.253,32,0,2,1,3,3,4
1,0,0,0,04-03-16,260,50,36,343.253,23,0,4,0,40,3,4
1,0,0,0,07-03-16,179,22,40,343.253,22,1,2,0,40,3,0
1,0,0,0,14-03-16,155,12,34,343.253,25,0,2,0,16,3,0
0,0,0,1,21-03-16,260,50,36,343.253,23,0,4,0,16,3,0
1,0,0,0,22-03-16,155,12,34,343.253,25,0,2,0,8,3,1
1,0,0,0,24-03-16,289,36,33,343.253,30,0,2,1,8,3,3
1,0,0,0,24-03-16,179,22,40,343.253,22,1,2,0,8,3,3
0,0,0,1,25-03-16,260,50,36,343.253,23,0,4,0,4,3,4
0,0,0,1,25-03-16,225,26,28,343.253,24,0,1,2,1,3,4
1,0,0,0,28-03-16,279,5,39,343.253,24,0,2,0,8,3,0
1,0,0,0,29-03-16,179,51,38,343.253,31,0,0,0,24,3,1
0,0,0,1,30-03-16,225,26,28,343.253,24,0,1,2,2,3,2
1,0,0,0,28-03-16,225,26,28,343.253,24,0,1,2,8,3,0
1,0,0,0,28-03-16,179,26,30,343.253,19,1,0,0,1,3,0
1,0,0,0,29-03-16,225,26,28,343.253,24,0,1,2,8,3,1
1,0,0,0,30-03-16,225,26,28,343.253,24,0,1,2,16,3,2
1,0,0,0,30-03-16,179,51,38,343.253,31,0,0,0,3,3,2
1,0,0,0,17-03-16,279,5,39,343.253,24,0,2,0,16,3,3
0,0,0,1,18-03-16,225,26,28,343.253,24,0,1,2,2,3,4
1,0,0,0,25-03-16,248,25,47,343.253,32,0,2,1,3,3,4
0,0,0,1,28-03-16,225,26,28,343.253,24,0,1,2,1,3,0
0,0,0,1,06-04-16,291,31,40,326.452,25,0,1,1,1,4,2
0,0,0,1,13-04-16,225,26,28,326.452,24,0,1,2,1,4,2
0,0,0,1,12-04-16,155,12,34,326.452,25,0,2,0,1,4,1
1,0,0,0,13-04-16,246,25,41,326.452,23,0,0,0,24,4,2
0,0,0,1,14-04-16,155,12,34,326.452,25,0,2,0,1,4,3
0,0,0,1,15-04-16,225,26,28,326.452,24,0,1,2,2,4,4
0,0,0,1,15-04-16,260,50,36,326.452,23,0,4,0,4,4,4
1,0,0,0,06-04-16,179,51,38,326.452,31,0,0,0,24,4,2
0,0,0,1,07-04-16,118,13,50,326.452,31,0,1,0,1,4,3
0,0,0,1,08-04-16,291,31,40,326.452,25,0,1,1,3,4,4
1,0,0,0,08-04-16,246,25,41,326.452,23,0,0,0,8,4,4
0,0,0,1,22-04-16,291,31,40,326.452,25,0,1,1,1,4,4
0,0,0,1,29-04-16,248,25,47,326.452,32,0,2,1,8,4,4
0,0,1,0,29-04-16,260,50,36,326.452,23,0,4,0,56,4,4
0,0,1,0,26-04-16,289,36,33,326.452,30,0,2,1,8,4,1
1,0,0,0,27-04-16,155,12,34,326.452,25,0,2,0,24,4,2
0,0,1,0,27-04-16,378,49,36,326.452,21,0,2,4,8,4,2
1,0,0,0,28-04-16,289,36,33,326.452,30,0,2,1,16,4,3
1,0,0,0,08-04-16,235,11,37,326.452,29,1,1,1,3,4,4
0,0,0,0,04-04-16,235,29,48,326.452,33,0,1,5,0,4,0
1,0,0,0,04-05-16,289,36,33,378.884,30,0,2,1,8,5,2
0,0,0,1,05-05-16,155,12,34,378.884,25,0,2,0,2,5,3
0,0,0,1,02-05-16,155,12,34,378.884,25,0,2,0,1,5,0
0,0,1,0,03-05-16,179,51,38,378.884,31,0,0,0,8,5,1
0,0,1,0,03-05-16,225,26,28,378.884,24,0,1,2,8,5,1
1,0,0,0,11-05-16,184,42,27,378.884,21,0,0,0,4,5,2
0,0,0,1,09-05-16,155,12,34,378.884,25,0,2,0,2,5,0
1,0,0,0,10-05-16,179,51,38,378.884,31,0,0,0,1,5,1
1,0,0,0,04-05-16,289,36,33,378.884,30,0,2,1,24,5,2
0,0,0,0,11-05-16,279,5,39,378.884,24,0,2,0,0,5,2
0,0,0,0,18-05-16,330,16,28,378.884,25,1,0,0,0,5,2
0,0,0,0,25-05-16,378,49,36,378.884,21,0,2,4,0,5,2
0,0,0,0,25-05-16,388,15,50,378.884,24,0,0,0,0,5,2
1,0,0,0,24-05-16,179,51,38,378.884,31,0,0,0,1,5,1
1,0,0,0,11-05-16,118,13,50,378.884,31,0,1,0,24,5,2
0,0,0,1,27-05-16,361,52,28,378.884,27,0,1,4,8,5,4
0,0,1,0,06-06-16,246,25,41,377.55,23,0,0,0,8,6,0
0,0,0,1,13-06-16,361,52,28,377.55,27,0,1,4,8,6,0
1,0,0,0,14-06-16,246,25,41,377.55,23,0,0,0,24,6,1
0,0,0,1,16-06-16,291,31,40,377.55,25,0,1,1,4,6,3
1,0,0,0,17-06-16,246,25,41,377.55,23,0,0,0,8,6,4
1,0,0,0,13-06-16,179,51,38,377.55,31,0,0,0,8,6,0
0,0,0,1,20-06-16,155,12,34,377.55,25,0,2,0,4,6,0
1,0,0,0,27-06-16,246,25,41,377.55,23,0,0,0,8,6,0
1,0,0,0,29-06-16,118,13,50,377.55,31,0,1,0,8,6,2
1,0,0,0,03-06-16,235,11,37,377.55,29,1,1,1,16,6,4
0,0,0,1,07-06-16,118,13,50,377.55,31,0,1,0,1,6,1
1,0,0,0,08-06-16,118,13,50,377.55,31,0,1,0,80,6,2
0,0,0,1,09-06-16,378,49,36,377.55,21,0,2,4,8,6,3
1,0,0,0,10-06-16,179,51,38,377.55,31,0,0,0,2,6,4
0,0,0,1,20-06-16,289,48,49,377.55,36,0,0,2,2,6,0
0,0,0,1,30-06-16,225,26,28,377.55,24,0,1,2,2,6,3
0,0,1,0,05-07-16,155,12,34,275.312,25,0,2,0,16,7,1
1,0,0,0,06-07-16,118,13,50,275.312,31,0,1,0,8,7,2
1,0,0,0,08-07-16,118,10,37,275.312,28,0,0,0,8,7,4
0,0,0,1,08-07-16,118,10,37,275.312,28,0,0,0,4,7,4
0,0,0,1,12-07-16,330,16,28,275.312,25,1,0,0,8,7,1
0,0,1,0,14-07-16,179,26,30,275.312,19,1,0,0,8,7,3
0,0,0,1,15-07-16,155,12,34,275.312,25,0,2,0,2,7,4
1,0,0,0,18-07-16,330,16,28,275.312,25,1,0,0,8,7,0
1,0,0,0,19-07-16,330,16,28,275.312,25,1,0,0,8,7,1
0,0,0,1,18-07-16,157,27,29,275.312,22,0,0,0,3,7,0
0,0,0,1,19-07-16,361,52,28,275.312,27,0,1,4,8,7,1
0,0,0,1,20-07-16,289,36,33,275.312,30,0,2,1,8,7,2
0,0,0,1,21-07-16,179,51,38,275.312,31,0,0,0,8,7,3
0,0,1,0,11-07-16,289,36,33,275.312,30,0,2,1,32,7,0
0,0,1,0,14-07-16,289,36,33,275.312,30,0,2,1,8,7,3
0,0,0,0,21-07-16,260,50,36,275.312,23,0,4,0,0,7,3
0,0,1,0,04-08-16,289,36,33,265.615,30,0,2,1,8,8,3
0,0,1,0,11-08-16,157,27,29,265.615,22,0,0,0,3,8,3
0,0,0,1,07-08-16,289,36,33,265.615,30,0,2,1,1,8,6
0,0,1,0,08-08-16,228,14,58,265.615,22,0,2,1,8,8,0
1,0,0,0,10-08-16,300,26,43,265.615,25,0,2,1,1,8,2
1,0,0,0,10-08-16,300,26,43,265.615,25,0,2,1,2,8,2
0,0,0,1,11-08-16,260,50,36,265.615,23,0,4,0,4,8,3
0,0,0,1,08-08-16,289,36,33,265.615,30,0,2,1,4,8,0
0,0,0,1,09-08-16,248,25,47,265.615,32,0,2,1,1,8,1
1,0,0,0,10-08-16,268,11,33,265.615,25,1,0,0,8,8,2
0,0,0,1,10-08-16,179,26,30,265.615,19,1,0,0,1,8,2
1,0,0,0,10-08-16,118,13,50,265.615,31,0,1,0,3,8,2
0,0,0,1,14-08-16,248,25,47,265.615,32,0,2,1,2,8,6
0,0,0,1,15-08-16,235,11,37,265.615,29,1,1,1,1,8,0
0,0,0,1,17-08-16,118,13,50,265.615,31,0,1,0,1,8,2
0,0,1,0,24-08-16,235,11,37,265.615,29,1,1,1,8,8,2
1,0,0,0,08-08-16,361,52,28,265.615,27,0,1,4,8,8,0
1,0,0,0,30-08-16,184,42,27,265.615,21,0,0,0,8,8,1
1,0,0,0,05-09-16,179,51,38,294.217,31,0,0,0,8,9,0
0,0,0,1,09-09-16,179,51,38,294.217,31,0,0,0,3,9,4
0,0,1,0,07-09-16,289,36,33,294.217,30,0,2,1,24,9,2
0,0,0,0,08-09-16,235,20,43,294.217,38,0,1,0,0,9,3
1,0,0,0,12-09-16,246,25,41,294.217,23,0,0,0,16,9,0
0,0,0,1,13-09-16,291,31,40,294.217,25,0,1,1,3,9,1
0,0,0,0,13-09-16,231,35,39,294.217,35,0,2,2,0,9,1
0,0,0,0,13-09-16,291,50,32,294.217,23,0,0,0,0,9,1
1,0,0,0,14-09-16,179,51,38,294.217,31,0,0,0,8,9,2
1,0,0,0,14-09-16,246,25,41,294.217,23,0,0,0,32,9,2
0,0,0,1,15-09-16,179,51,38,294.217,31,0,0,0,1,9,3
0,0,0,1,16-09-16,291,31,40,294.217,25,0,1,1,4,9,4
0,0,0,1,16-09-16,260,50,36,294.217,23,0,4,0,4,9,4
0,0,0,1,14-09-16,235,20,43,294.217,38,0,1,0,8,9,2
0,0,0,1,15-09-16,118,13,50,294.217,31,0,1,0,1,9,3
0,0,0,0,15-09-16,235,20,43,294.217,38,0,1,0,0,9,3
0,0,0,1,16-09-16,291,31,40,294.217,25,0,1,1,3,9,4
1,0,0,0,26-09-16,291,31,40,294.217,25,0,1,1,40,9,0
1,0,0,0,26-09-16,179,51,38,294.217,31,0,0,0,8,9,0
0,0,0,1,05-10-16,289,36,33,265.017,30,0,2,1,8,10,2
0,0,0,1,05-10-16,235,11,37,265.017,29,1,1,1,4,10,2
0,0,0,1,05-10-16,289,36,33,265.017,30,0,2,1,8,10,2
0,0,0,1,06-10-16,289,36,33,265.017,30,0,2,1,8,10,3
0,0,0,0,06-10-16,118,13,50,265.017,31,0,1,0,0,10,3
0,0,0,0,06-10-16,248,25,47,265.017,32,0,2,1,0,10,3
1,0,0,0,12-10-16,179,26,30,265.017,19,1,0,0,8,10,2
1,0,0,0,12-10-16,118,10,37,265.017,28,0,0,0,3,10,2
0,0,0,1,12-10-16,369,17,31,265.017,25,0,3,0,8,10,2
0,0,0,1,14-10-16,179,51,38,265.017,31,0,0,0,1,10,4
1,0,0,0,14-10-16,179,26,30,265.017,19,1,0,0,64,10,4
0,0,0,0,14-10-16,235,20,43,265.017,38,0,1,0,0,10,4
0,0,1,0,15-10-16,289,36,33,265.017,30,0,2,1,16,10,5
0,0,0,1,16-10-16,260,50,36,265.017,23,0,4,0,3,10,6
0,0,0,0,16-10-16,235,20,43,265.017,38,0,1,0,0,10,6
0,0,0,1,19-10-16,235,20,43,265.017,38,0,1,0,2,10,2
0,0,0,1,19-10-16,235,20,43,265.017,38,0,1,0,2,10,2
0,0,0,1,20-10-16,118,13,50,265.017,31,0,1,0,1,10,3
0,0,0,1,20-10-16,291,31,40,265.017,25,0,1,1,4,10,3
0,0,0,1,22-10-16,179,26,30,265.017,19,1,0,0,16,10,5
0,0,0,1,22-10-16,118,13,50,265.017,31,0,1,0,1,10,5
1,0,0,0,26-10-16,361,52,28,265.017,27,0,1,4,8,10,2
0,0,0,0,27-10-16,260,50,36,265.017,23,0,4,0,0,10,3
0,0,0,0,27-10-16,291,31,40,265.017,25,0,1,1,0,10,3
0,0,0,0,27-10-16,157,27,29,265.017,22,0,0,0,0,10,3
1,0,0,0,28-10-16,179,26,30,265.017,19,1,0,0,5,10,4
1,0,0,0,28-10-16,179,26,30,265.017,19,1,0,0,5,10,4
0,0,0,1,29-10-16,118,13,50,265.017,31,0,1,0,1,10,5
1,0,0,0,07-11-16,118,10,37,284.031,28,0,0,0,8,11,0
0,0,0,1,07-11-16,248,25,47,284.031,32,0,2,1,2,11,0
1,0,0,0,08-11-16,179,51,38,284.031,31,0,0,0,8,11,1
0,0,0,1,11-11-16,260,50,36,284.031,23,0,4,0,3,11,4
0,0,0,1,14-11-16,291,31,40,284.031,25,0,1,1,1,11,0
1,0,0,0,14-11-16,378,49,36,284.031,21,0,2,4,8,11,0
1,0,0,0,14-11-16,155,12,34,284.031,25,0,2,0,120,11,0
0,0,0,1,14-11-16,235,20,43,284.031,38,0,1,0,8,11,0
0,0,0,0,15-11-16,330,16,28,284.031,25,1,0,0,0,11,1
0,0,1,0,16-11-16,235,11,37,284.031,29,1,1,1,1,11,2
1,0,0,0,16-11-16,118,10,37,284.031,28,0,0,0,3,11,2
0,0,0,1,17-11-16,235,11,37,284.031,29,1,1,1,2,11,3
0,0,0,1,17-11-16,179,51,38,284.031,31,0,0,0,3,11,3
1,0,0,0,18-11-16,246,25,41,284.031,23,0,0,0,8,11,4
1,0,0,0,18-11-16,291,31,40,284.031,25,0,1,1,4,11,4
1,0,0,0,21-11-16,246,25,41,284.031,23,0,0,0,8,11,0
0,0,0,1,22-11-16,179,51,38,284.031,31,0,0,0,1,11,1
1,0,0,0,23-11-16,260,50,36,284.031,23,0,4,0,8,11,2
0,1,0,0,25-11-16,260,50,36,284.031,23,0,4,0,8,11,4
0,0,0,0,25-11-16,378,49,36,284.031,21,0,2,4,0,11,4
0,0,0,0,29-11-16,279,5,39,284.031,24,0,2,0,0,11,1
0,0,0,1,24-11-16,179,51,38,284.031,31,0,0,0,1,11,3
1,0,0,0,05-12-16,225,26,28,236.629,24,0,1,2,3,12,0
0,0,0,1,05-12-16,179,51,38,236.629,31,0,0,0,2,12,0
0,0,0,1,05-12-16,179,51,38,236.629,31,0,0,0,1,12,0
0,0,0,1,05-12-16,235,11,37,236.629,29,1,1,1,3,12,0
0,0,0,1,06-12-16,118,13,50,236.629,31,0,1,0,1,12,1
0,0,0,1,09-12-16,260,50,36,236.629,23,0,4,0,4,12,4
1,0,0,0,15-12-16,246,25,41,236.629,23,0,0,0,8,12,3
0,0,0,1,15-12-16,179,51,38,236.629,31,0,0,0,1,12,3
0,0,0,1,16-12-16,179,51,38,236.629,31,0,0,0,1,12,4
0,0,0,1,20-12-16,179,26,30,236.629,19,1,0,0,1,12,1
0,0,0,1,20-12-16,118,10,37,236.629,28,0,0,0,8,12,1
0,0,0,1,22-12-16,235,11,37,236.629,29,1,1,1,2,12,3
0,0,0,1,23-12-16,179,51,38,236.629,31,0,0,0,1,12,4
1,0,0,0,20-12-16,235,20,43,236.629,38,0,1,0,8,12,1
1,0,0,0,20-12-16,235,11,37,236.629,29,1,1,1,4,12,1
0,0,0,1,21-12-16,260,50,36,236.629,23,0,4,0,8,12,2
0,0,0,1,19-12-16,157,27,29,236.629,22,0,0,0,2,12,0
0,0,0,1,19-12-16,179,51,38,236.629,31,0,0,0,3,12,0
0,0,1,0,19-12-16,289,36,33,236.629,30,0,2,1,8,12,0
0,0,0,1,04-01-17,225,26,28,330.061,24,0,1,2,5,1,2
0,0,1,0,09-01-17,118,10,37,330.061,28,0,0,0,32,1,0
0,0,0,1,09-01-17,155,12,34,330.061,25,0,2,0,2,1,0
1,0,0,0,03-01-17,235,11,37,330.061,29,1,1,1,1,1,1
0,0,0,1,03-01-17,155,12,34,330.061,25,0,2,0,4,1,1
0,0,0,1,09-01-17,289,36,33,330.061,30,0,2,1,8,1,0
1,0,0,0,11-01-17,291,31,40,330.061,25,0,1,1,8,1,2
0,0,0,1,16-01-17,235,20,43,330.061,38,0,1,0,8,1,0
0,0,0,1,16-01-17,118,13,50,330.061,31,0,1,0,4,1,0
0,0,0,1,25-01-17,179,51,38,330.061,31,0,0,0,1,1,2
0,0,0,1,27-01-17,179,51,38,330.061,31,0,0,0,1,1,4
0,0,0,1,07-02-17,118,10,37,251.818,28,0,0,0,2,2,1
0,0,0,1,01-02-17,179,51,38,251.818,31,0,0,0,3,2,2
1,0,0,0,01-02-17,225,26,28,251.818,24,0,1,2,1,2,2
0,0,0,1,03-02-17,289,36,33,251.818,30,0,2,1,3,2,4
0,0,0,1,10-02-17,260,50,36,251.818,23,0,4,0,3,2,4
0,0,0,1,17-02-17,179,51,38,251.818,31,0,0,0,3,2,4
0,0,0,1,13-02-17,179,51,38,251.818,31,0,0,0,2,2,0
0,0,0,1,15-02-17,179,51,38,251.818,31,0,0,0,3,2,2
1,0,0,0,16-02-17,179,51,38,251.818,31,0,0,0,8,2,3
0,0,0,1,16-02-17,246,25,41,251.818,23,0,0,0,8,2,3
0,0,0,1,17-02-17,179,51,38,251.818,31,0,0,0,3,2,4
0,0,0,1,13-02-17,189,29,33,251.818,25,0,2,2,8,2,0
0,0,0,1,13-02-17,179,51,38,251.818,31,0,0,0,3,2,0
0,0,0,1,21-02-17,246,25,41,251.818,23,0,0,0,2,2,1
0,0,0,1,21-02-17,291,31,40,251.818,25,0,1,1,2,2,1
1,0,0,0,22-02-17,157,27,29,251.818,22,0,0,0,16,2,2
0,0,0,1,22-02-17,179,51,38,251.818,31,0,0,0,3,2,2
0,0,0,1,24-02-17,179,51,38,251.818,31,0,0,0,3,2,4
1,0,0,0,24-02-17,246,25,41,251.818,23,0,0,0,24,2,4
0,0,0,1,22-02-17,179,51,38,251.818,31,0,0,0,3,2,2
0,0,0,1,24-02-17,179,51,38,251.818,31,0,0,0,3,2,4
0,0,1,0,07-03-17,118,10,37,244.387,28,0,0,0,8,3,1
0,0,1,0,08-03-17,246,25,41,244.387,23,0,0,0,16,3,2
0,0,0,1,10-03-17,246,25,41,244.387,23,0,0,0,2,3,4
0,0,0,1,10-03-17,260,50,36,244.387,23,0,4,0,4,3,4
0,0,0,1,13-03-17,179,51,38,244.387,31,0,0,0,2,3,0
0,0,0,1,13-03-17,235,11,37,244.387,29,1,1,1,8,3,0
0,0,0,1,14-03-17,179,22,40,244.387,22,1,2,0,8,3,1
0,0,0,1,14-03-17,378,49,36,244.387,21,0,2,4,8,3,1
0,0,0,1,20-03-17,179,51,38,244.387,31,0,0,0,16,3,0
0,0,0,1,22-03-17,361,52,28,244.387,27,0,1,4,8,3,2
0,0,0,0,22-03-17,369,17,31,244.387,25,0,3,0,0,3,2
0,0,1,0,23-03-17,235,11,37,244.387,29,1,1,1,8,3,3
0,0,0,1,24-03-17,118,13,50,244.387,31,0,1,0,2,3,4
1,0,0,0,28-03-17,118,13,50,244.387,31,0,1,0,3,3,1
1,0,0,0,29-03-17,118,13,50,244.387,31,0,1,0,8,3,2
0,0,0,0,30-03-17,235,11,37,244.387,29,1,1,1,0,3,3
0,0,0,0,30-03-17,246,25,41,244.387,23,0,0,0,0,3,3
0,0,0,0,30-03-17,118,13,50,244.387,31,0,1,0,0,3,3
0,0,0,1,31-03-17,179,51,38,244.387,31,0,0,0,8,3,4
0,0,0,1,31-03-17,289,36,33,244.387,30,0,2,1,8,3,4
0,0,1,0,27-03-17,260,50,36,244.387,23,0,4,0,8,3,0
0,0,0,1,28-03-17,246,25,41,244.387,23,0,0,0,2,3,1
0,0,0,1,05-04-17,179,51,38,239.409,31,0,0,0,4,4,2
0,0,0,1,07-04-17,260,50,36,239.409,23,0,4,0,3,4,4
0,0,0,1,07-04-17,330,16,28,239.409,25,1,0,0,4,4,4
0,0,0,1,10-04-17,369,17,31,239.409,25,0,3,0,4,4,0
0,0,0,1,10-04-17,248,25,47,239.409,32,0,2,1,4,4,0
0,0,0,1,12-04-17,330,16,28,239.409,25,1,0,0,8,4,2
0,0,0,1,12-04-17,179,51,38,239.409,31,0,0,0,8,4,2
0,0,0,1,17-04-17,118,13,50,239.409,31,0,1,0,1,4,0
1,0,0,0,19-04-17,118,13,50,239.409,31,0,1,0,120,4,2
0,0,0,1,28-04-17,300,26,43,239.409,25,0,2,1,8,4,4
0,0,0,1,28-04-17,260,50,36,239.409,23,0,4,0,4,4,4
0,0,0,1,24-04-17,179,51,38,239.409,31,0,0,0,4,4,0
1,0,0,0,26-04-17,118,10,37,239.409,28,0,0,0,2,4,2
1,0,0,0,01-05-17,235,20,43,246.074,38,0,1,0,16,5,0
0,0,0,1,03-05-17,248,25,47,246.074,32,0,2,1,2,5,2
1,0,0,0,08-05-17,369,17,31,246.074,25,0,3,0,8,5,0
0,0,0,1,10-05-17,179,26,30,246.074,19,1,0,0,3,5,2
0,0,0,1,10-05-17,179,51,38,246.074,31,0,0,0,4,5,2
0,0,0,1,11-05-17,361,52,28,246.074,27,0,1,4,1,5,3
0,0,0,1,12-05-17,260,50,36,246.074,23,0,4,0,3,5,4
1,0,0,0,15-05-17,179,22,40,246.074,22,1,2,0,2,5,0
1,0,0,0,15-05-17,179,22,40,246.074,22,1,2,0,3,5,0
0,0,1,0,17-05-17,228,14,58,246.074,22,0,2,1,8,5,2
0,0,0,1,17-05-17,225,26,28,246.074,24,0,1,2,3,5,2
1,0,0,0,19-05-17,330,16,28,246.074,25,1,0,0,8,5,4
0,0,0,1,22-05-17,179,26,30,246.074,19,1,0,0,2,5,0
0,0,0,1,22-05-17,118,10,37,246.074,28,0,0,0,1,5,0
1,0,0,0,29-05-17,235,11,37,246.074,29,1,1,1,8,5,0
0,0,0,1,31-05-17,179,26,30,246.074,19,1,0,0,3,5,2
0,0,0,1,05-06-17,118,10,37,253.957,28,0,0,0,3,6,0
0,0,0,1,05-06-17,179,51,38,253.957,31,0,0,0,3,6,0
0,0,0,1,06-06-17,118,10,37,253.957,28,0,0,0,2,6,1
0,0,0,1,08-06-17,225,26,28,253.957,24,0,1,2,4,6,3
0,0,0,1,09-06-17,260,50,36,253.957,23,0,4,0,4,6,4
0,0,0,0,09-06-17,179,51,38,253.957,31,0,0,0,0,6,4
1,0,0,0,12-06-17,291,31,40,253.957,25,0,1,1,40,6,0
0,0,0,1,12-06-17,179,51,38,253.957,31,0,0,0,24,6,0
0,0,0,1,13-06-17,246,25,41,253.957,23,0,0,0,3,6,1
0,0,0,1,19-06-17,179,51,38,253.957,31,0,0,0,4,6,0
0,0,0,1,20-06-17,235,20,43,253.957,38,0,1,0,8,6,1
0,0,0,1,26-06-17,179,51,38,253.957,31,0,0,0,2,6,0
0,0,0,1,28-06-17,225,26,28,253.957,24,0,1,2,2,6,2
0,0,0,1,28-06-17,118,13,50,253.957,31,0,1,0,2,6,2
1,0,0,0,28-06-17,179,51,38,253.957,31,0,0,0,8,6,2
0,0,1,0,28-06-17,179,26,30,253.957,19,1,0,0,2,6,2
0,0,0,1,30-06-17,246,25,41,253.957,23,0,0,0,2,6,4
1,0,0,0,27-06-17,330,16,28,253.957,25,1,0,0,1,6,1
1,0,0,0,27-06-17,235,11,37,253.957,29,1,1,1,8,6,1
0,0,0,1,06-07-17,179,26,30,230.29,19,1,0,0,2,7,3
0,0,0,1,06-07-17,225,26,28,230.29,24,0,1,2,4,7,3
1,0,0,0,07-07-17,260,50,36,230.29,23,0,4,0,8,7,4
1,0,0,0,10-07-17,268,11,33,230.29,25,1,0,0,8,7,0
0,0,0,1,14-07-17,330,16,28,230.29,25,1,0,0,8,7,4
0,0,0,1,14-07-17,118,10,37,230.29,28,0,0,0,8,7,4
0,0,0,1,17-07-17,260,50,36,230.29,23,0,4,0,4,7,0
0,0,0,1,18-07-17,118,10,37,230.29,28,0,0,0,8,7,1
0,1,0,0,24-07-17,300,26,43,230.29,25,0,2,1,8,7,0
0,0,0,1,24-07-17,235,29,48,230.29,33,0,1,5,1,7,0
0,0,0,1,25-07-17,246,25,41,230.29,23,0,0,0,2,7,1
1,0,0,0,25-07-17,225,26,28,230.29,24,0,1,2,112,7,1
0,0,0,1,25-07-17,179,51,38,230.29,31,0,0,0,1,7,1
0,0,0,1,28-07-17,118,13,50,230.29,31,0,1,0,1,7,4
0,0,0,1,28-07-17,361,52,28,230.29,27,0,1,4,8,7,4
0,0,0,1,24-07-17,289,36,33,230.29,30,0,2,1,8,7,0
0,0,0,1,24-07-17,235,20,43,230.29,38,0,1,0,8,7,0
0,0,0,1,25-07-17,246,25,41,230.29,23,0,0,0,2,7,1
0,0,0,1,27-07-17,291,31,40,230.29,25,0,1,1,1,7,3
0,0,0,1,27-07-17,279,5,39,230.29,24,0,2,0,2,7,3
0,0,0,1,03-08-17,179,51,38,249.797,31,0,0,0,4,8,3
0,0,0,1,07-08-17,179,22,40,249.797,22,1,2,0,1,8,0
0,0,0,1,08-08-17,246,25,41,249.797,23,0,0,0,4,8,1
0,0,0,1,08-08-17,118,10,37,249.797,28,0,0,0,4,8,1
0,0,0,1,08-08-17,289,36,33,249.797,30,0,2,1,8,8,1
0,0,0,1,08-08-17,235,20,43,249.797,38,0,1,0,8,8,1
0,0,0,1,10-08-17,291,31,40,249.797,25,0,1,1,4,8,3
0,0,0,1,14-08-17,179,51,38,249.797,31,0,0,0,4,8,0
0,0,0,1,15-08-17,179,22,40,249.797,22,1,2,0,8,8,1
0,0,0,1,17-08-17,330,16,28,249.797,25,1,0,0,16,8,3
0,0,0,1,22-08-17,235,11,37,249.797,29,1,1,1,4,8,1
0,0,0,1,22-08-17,246,25,41,249.797,23,0,0,0,1,8,1
0,0,0,1,22-08-17,118,10,37,249.797,28,0,0,0,5,8,1
0,0,0,1,24-08-17,291,31,40,249.797,25,0,1,1,2,8,3
0,0,0,1,28-08-17,260,50,36,249.797,23,0,4,0,3,8,0
0,0,0,1,05-09-17,246,25,41,261.756,23,0,0,0,1,9,1
0,0,0,1,05-09-17,246,25,41,261.756,23,0,0,0,1,9,1
0,0,0,1,05-09-17,118,10,37,261.756,28,0,0,0,3,9,1
0,0,0,1,05-09-17,155,12,34,261.756,25,0,2,0,2,9,1
0,0,0,1,07-09-17,291,31,40,261.756,25,0,1,1,2,9,3
0,0,0,1,08-09-17,179,26,30,261.756,19,1,0,0,8,9,4
0,0,0,1,08-09-17,248,25,47,261.756,32,0,2,1,1,9,4
0,0,0,1,11-09-17,179,51,38,261.756,31,0,0,0,4,9,0
0,0,0,1,13-09-17,225,26,28,261.756,24,0,1,2,1,9,2
0,0,0,1,18-09-17,179,26,30,261.756,19,1,0,0,2,9,0
0,0,0,1,19-09-17,369,17,31,261.756,25,0,3,0,8,9,1
0,0,0,1,26-09-17,361,52,28,261.756,27,0,1,4,8,9,1
1,0,0,0,05-10-17,289,48,49,284.853,36,0,0,2,1,10,3
1,0,0,0,05-10-17,235,16,32,284.853,25,1,0,0,3,10,3
0,0,0,1,06-10-17,246,25,41,284.853,23,0,0,0,8,10,4
1,0,0,0,11-10-17,289,48,49,284.853,36,0,0,2,3,10,2
0,0,0,1,11-10-17,291,31,40,284.853,25,0,1,1,2,10,2
0,0,0,1,17-10-17,118,10,37,284.853,28,0,0,0,2,10,1
0,0,0,1,19-10-17,289,48,49,284.853,36,0,0,2,2,10,3
0,0,0,1,20-10-17,291,31,40,284.853,25,0,1,1,1,10,4
0,0,0,1,24-10-17,225,26,28,284.853,24,0,1,2,2,10,1
0,0,0,1,24-10-17,369,17,31,284.853,25,0,3,0,8,10,1
0,0,0,1,24-10-17,369,17,31,284.853,25,0,3,0,3,10,1
0,0,0,1,24-10-17,225,26,28,284.853,24,0,1,2,4,10,1
0,0,0,1,24-10-17,369,17,31,284.853,25,0,3,0,8,10,1
0,0,0,1,25-10-17,179,51,38,284.853,31,0,0,0,3,10,2
1,0,0,0,25-10-17,228,14,58,284.853,22,0,2,1,1,10,2
0,0,0,1,25-10-17,291,31,40,284.853,25,0,1,1,1,10,2
1,0,0,0,26-10-17,369,17,31,284.853,25,0,3,0,8,10,3
1,0,0,0,26-10-17,225,26,28,284.853,24,0,1,2,1,10,3
1,0,0,0,27-10-17,369,17,31,284.853,25,0,3,0,8,10,4
1,0,0,0,27-10-17,225,26,28,284.853,24,0,1,2,3,10,4
0,0,0,1,29-10-17,189,29,33,284.853,25,0,2,2,8,10,6
1,0,0,0,29-10-17,235,16,32,284.853,25,1,0,0,8,10,6
1,0,0,0,29-10-17,248,25,47,284.853,32,0,2,1,8,10,6
0,0,0,0,29-10-17,225,26,28,284.853,24,0,1,2,0,10,6
1,0,0,0,31-10-17,225,26,28,284.853,24,0,1,2,3,10,1
0,0,1,0,07-11-17,179,51,38,268.519,31,0,0,0,1,11,1
0,0,0,1,08-11-17,118,10,37,268.519,28,0,0,0,3,11,2
1,0,0,0,08-11-17,330,16,28,268.519,25,1,0,0,24,11,2
0,0,0,1,10-11-17,179,51,38,268.519,31,0,0,0,1,11,4
1,0,0,0,14-11-17,118,10,37,268.519,28,0,0,0,8,11,1
0,0,0,1,15-11-17,289,36,33,268.519,30,0,2,1,8,11,2
1,0,0,0,17-11-17,235,16,32,268.519,25,1,0,0,8,11,4
0,0,0,1,17-11-17,225,26,28,268.519,24,0,1,2,4,11,4
0,0,0,1,21-11-17,361,52,28,268.519,27,0,1,4,8,11,1
0,0,0,1,22-11-17,291,31,40,268.519,25,0,1,1,2,11,2
1,0,0,0,23-11-17,118,10,37,268.519,28,0,0,0,2,11,3
1,0,0,0,23-11-17,225,26,28,268.519,24,0,1,2,3,11,3
0,0,0,1,27-11-17,179,51,38,268.519,31,0,0,0,1,11,0
0,0,0,1,27-11-17,118,10,37,268.519,28,0,0,0,8,11,0
1,0,0,0,28-11-17,118,10,37,268.519,28,0,0,0,8,11,1
0,0,0,1,28-11-17,225,26,28,268.519,24,0,1,2,2,11,1
0,0,0,0,28-11-17,291,31,40,268.519,25,0,1,1,0,11,1
0,0,0,0,29-11-17,289,36,33,268.519,30,0,2,1,0,11,2
1,0,0,0,30-11-17,248,25,47,268.519,32,0,2,1,4,11,3
0,0,0,0,30-11-17,235,20,43,268.519,38,0,1,0,0,11,3
0,0,0,1,24-11-17,225,26,28,268.519,24,0,1,2,2,11,4
0,0,0,1,24-11-17,369,17,31,268.519,25,0,3,0,8,11,4
0,0,0,1,27-11-17,361,52,28,268.519,27,0,1,4,2,11,0
1,0,0,0,05-12-17,179,51,38,280.549,31,0,0,0,32,12,1
0,0,0,1,06-12-17,291,31,40,280.549,25,0,1,1,1,12,2
0,0,0,1,06-12-17,225,26,28,280.549,24,0,1,2,3,12,2
1,0,0,0,08-12-17,179,26,30,280.549,19,1,0,0,1,12,4
0,0,0,1,08-12-17,225,26,28,280.549,24,0,1,2,3,12,4
0,0,0,1,13-12-17,225,26,28,280.549,24,0,1,2,3,12,2
1,0,0,0,14-12-17,361,52,28,280.549,27,0,1,4,4,12,3
0,0,1,0,15-12-17,179,22,40,280.549,22,1,2,0,2,12,4
0,0,0,1,15-12-17,235,20,43,280.549,38,0,1,0,8,12,4
0,0,1,0,18-12-17,233,51,31,280.549,21,1,1,8,8,12,0
1,0,0,0,19-12-17,179,26,30,280.549,19,1,0,0,16,12,1
0,0,0,1,19-12-17,225,26,28,280.549,24,0,1,2,2,12,1
0,0,0,1,21-12-17,225,26,28,280.549,24,0,1,2,3,12,3
0,0,0,1,18-12-17,225,26,28,280.549,24,0,1,2,2,12,0
0,0,1,0,19-12-17,155,12,34,280.549,25,0,2,0,80,12,1
1,0,0,0,01-01-18,179,26,30,313.532,19,1,0,0,24,1,0
1,0,0,0,04-01-18,179,26,30,313.532,19,1,0,0,16,1,3
0,0,0,1,04-01-18,179,22,40,313.532,22,1,2,0,2,1,3
0,0,0,1,05-01-18,179,22,40,313.532,22,1,2,0,2,1,4
1,0,0,0,08-01-18,179,26,30,313.532,19,1,0,0,3,1,0
0,0,0,1,10-01-18,179,22,40,313.532,22,1,2,0,2,1,2
1,0,0,0,11-01-18,289,48,49,313.532,36,0,0,2,8,1,3
0,0,1,0,12-01-18,179,22,40,313.532,22,1,2,0,3,1,4
0,0,0,1,15-01-18,179,26,30,313.532,19,1,0,0,2,1,0
0,0,1,0,16-01-18,155,12,34,313.532,25,0,2,0,8,1,1
0,0,0,1,17-01-18,179,26,30,313.532,19,1,0,0,2,1,2
0,0,0,1,17-01-18,179,51,38,313.532,31,0,0,0,3,1,2
1,0,0,0,17-01-18,289,36,33,313.532,30,0,2,1,8,1,2
0,0,0,1,18-01-18,179,51,38,313.532,31,0,0,0,3,1,3
0,0,0,1,26-01-18,179,51,38,313.532,31,0,0,0,2,1,4
1,0,0,0,06-02-18,179,51,38,264.249,31,0,0,0,8,2,1
0,0,0,1,06-02-18,225,26,28,264.249,24,0,1,2,3,2,1
1,0,0,0,07-02-18,248,25,47,264.249,32,0,2,1,8,2,2
0,0,0,1,07-02-18,179,51,38,264.249,31,0,0,0,2,2,2
0,0,0,1,08-02-18,225,26,28,264.249,24,0,1,2,3,2,3
0,0,0,1,08-02-18,179,51,38,264.249,31,0,0,0,2,2,3
0,0,0,1,08-02-18,179,26,30,264.249,19,1,0,0,2,2,3
0,0,0,1,09-02-18,225,15,41,264.249,28,1,2,2,2,2,4
0,0,0,1,09-02-18,179,51,38,264.249,31,0,0,0,2,2,4
0,0,1,0,12-02-18,233,51,31,264.249,21,1,1,8,2,2,0
0,0,0,1,12-02-18,179,51,38,264.249,31,0,0,0,2,2,0
1,0,0,0,13-02-18,225,26,28,264.249,24,0,1,2,8,2,1
0,0,0,1,14-02-18,179,51,38,264.249,31,0,0,0,3,2,2
0,0,0,1,15-02-18,179,51,38,264.249,31,0,0,0,3,2,3
0,0,0,1,15-02-18,225,26,28,264.249,24,0,1,2,3,2,3
1,0,0,0,15-02-18,179,26,30,264.249,19,1,0,0,2,2,3
0,0,0,1,16-02-18,179,22,40,264.249,22,1,2,0,2,2,4
0,0,0,1,16-02-18,179,51,38,264.249,31,0,0,0,3,2,4
1,0,0,0,21-02-18,233,51,31,264.249,21,1,1,8,3,2,2
0,0,0,1,21-02-18,179,26,30,264.249,19,1,0,0,2,2,2
0,0,0,1,21-02-18,179,51,38,264.249,31,0,0,0,2,2,2
1,0,0,0,22-02-18,179,51,38,264.249,31,0,0,0,8,2,3
0,0,0,1,23-02-18,179,51,38,264.249,31,0,0,0,2,2,4
0,0,0,1,26-02-18,155,12,34,264.249,25,0,2,0,5,2,0
0,0,0,1,26-02-18,235,16,32,264.249,25,1,0,0,3,2,0
0,0,0,1,26-02-18,179,51,38,264.249,31,0,0,0,2,2,0
1,0,0,0,26-02-18,225,26,28,264.249,24,0,1,2,2,2,0
0,0,0,1,27-02-18,179,51,38,264.249,31,0,0,0,2,2,1
0,0,0,1,27-02-18,248,25,47,264.249,32,0,2,1,2,2,1
0,0,0,1,27-02-18,225,26,28,264.249,24,0,1,2,2,2,1
0,0,0,1,28-02-18,179,51,38,264.249,31,0,0,0,2,2,2
0,0,0,1,22-02-18,179,51,38,264.249,31,0,0,0,2,2,3
0,0,0,1,23-02-18,235,16,32,264.249,25,1,0,0,2,2,4
0,0,0,1,05-03-18,179,51,38,222.196,31,0,0,0,2,3,0
0,0,0,1,05-03-18,248,25,47,222.196,32,0,2,1,2,3,0
0,0,0,1,06-03-18,228,14,58,222.196,22,0,2,1,3,3,1
0,0,0,1,06-03-18,248,25,47,222.196,32,0,2,1,3,3,1
1,0,0,0,06-03-18,228,14,58,222.196,22,0,2,1,112,3,1
0,0,0,1,07-03-18,179,51,38,222.196,31,0,0,0,2,3,2
0,0,0,1,08-03-18,225,26,28,222.196,24,0,1,2,2,3,3
0,0,0,1,08-03-18,179,51,38,222.196,31,0,0,0,3,3,3
0,0,0,1,08-03-18,225,26,28,222.196,24,0,1,2,2,3,3
0,0,0,1,09-03-18,179,26,30,222.196,19,1,0,0,3,3,4
0,0,0,1,12-03-18,235,16,32,222.196,25,1,0,0,3,3,0
0,0,1,0,12-03-18,361,52,28,222.196,27,0,1,4,8,3,0
1,0,0,0,13-03-18,179,51,38,222.196,31,0,0,0,8,3,1
0,0,0,1,14-03-18,179,51,38,222.196,31,0,0,0,2,3,2
0,0,0,1,15-03-18,179,51,38,222.196,31,0,0,0,3,3,3
0,0,0,1,16-03-18,179,26,30,222.196,19,1,0,0,2,3,4
1,0,0,0,19-03-18,179,51,38,222.196,31,0,0,0,4,3,0
1,0,0,0,19-03-18,248,25,47,222.196,32,0,2,1,2,3,0
0,0,0,1,19-03-18,179,51,38,222.196,31,0,0,0,3,3,0
1,0,0,0,19-03-18,225,26,28,222.196,24,0,1,2,8,3,0
0,0,0,1,20-03-18,179,51,38,222.196,31,0,0,0,2,3,1
0,0,0,1,21-03-18,289,36,33,222.196,30,0,2,1,8,3,2
0,0,0,1,21-03-18,228,14,58,222.196,22,0,2,1,2,3,2
0,0,0,1,21-03-18,179,51,38,222.196,31,0,0,0,2,3,2
0,0,0,1,22-03-18,248,25,47,222.196,32,0,2,1,3,3,3
0,0,0,1,22-03-18,179,51,38,222.196,31,0,0,0,3,3,3
0,0,0,1,23-03-18,179,26,30,222.196,19,1,0,0,2,3,4
0,0,0,1,23-03-18,179,51,38,222.196,31,0,0,0,3,3,4
0,0,0,1,27-03-18,179,51,38,222.196,31,0,0,0,3,3,1
0,0,0,1,28-03-18,118,15,46,222.196,25,0,2,0,8,3,2
1,0,0,0,28-03-18,155,12,34,222.196,25,0,2,0,24,3,2
0,0,0,1,28-03-18,179,51,38,222.196,31,0,0,0,3,3,2
0,0,0,1,29-03-18,179,51,38,222.196,31,0,0,0,3,3,3
1,0,0,0,26-03-18,179,26,30,222.196,19,1,0,0,2,3,0
0,0,1,0,26-03-18,289,36,33,222.196,30,0,2,1,104,3,0
0,0,0,1,28-03-18,369,17,31,222.196,25,0,3,0,8,3,2
1,0,0,0,02-04-18,225,26,28,246.288,24,0,1,2,8,4,0
1,0,0,0,02-04-18,118,10,37,246.288,28,0,0,0,8,4,0
0,0,1,0,03-04-18,361,52,28,246.288,27,0,1,4,8,4,1
0,0,1,0,04-04-18,248,25,47,246.288,32,0,2,1,8,4,2
1,0,0,0,05-04-18,189,29,33,246.288,25,0,2,2,8,4,3
0,0,0,1,06-04-18,179,26,30,246.288,19,1,0,0,2,4,4
1,0,0,0,09-04-18,369,17,31,246.288,25,0,3,0,24,4,0
0,1,0,0,10-04-18,179,22,40,246.288,22,1,2,0,2,4,1
0,0,0,1,10-04-18,118,13,50,246.288,31,0,1,0,3,4,1
0,0,0,1,10-04-18,361,52,28,246.288,27,0,1,4,2,4,1
1,0,0,0,11-04-18,118,10,37,246.288,28,0,0,0,2,4,2
0,0,0,1,13-04-18,235,11,37,246.288,29,1,1,1,8,4,4
0,0,0,1,13-04-18,179,26,30,246.288,19,1,0,0,2,4,4
0,0,1,0,16-04-18,225,26,28,246.288,24,0,1,2,8,4,0
0,1,0,0,17-04-18,235,16,32,246.288,25,1,0,0,3,4,1
0,0,0,1,20-04-18,179,26,30,246.288,19,1,0,0,2,4,4
0,0,0,1,24-04-18,155,12,34,246.288,25,0,2,0,4,4,1
0,0,1,0,26-04-18,225,26,28,246.288,24,0,1,2,8,4,3
1,0,0,0,26-04-18,118,13,50,246.288,31,0,1,0,2,4,3
0,0,0,1,27-04-18,179,26,30,246.288,19,1,0,0,2,4,4
0,0,0,1,07-05-18,235,11,37,237.656,29,1,1,1,8,5,0
0,0,1,0,09-05-18,225,15,41,237.656,28,1,2,2,3,5,2
0,0,0,1,09-05-18,235,16,32,237.656,25,1,0,0,2,5,2
1,0,0,0,09-05-18,118,10,37,237.656,28,0,0,0,3,5,2
0,0,0,1,09-05-18,235,20,43,237.656,38,0,1,0,8,5,2
1,0,0,0,10-05-18,179,26,30,237.656,19,1,0,0,1,5,3
0,0,0,1,10-05-18,291,31,40,237.656,25,0,1,1,2,5,3
1,0,0,0,10-05-18,225,15,41,237.656,28,1,2,2,8,5,3
0,0,1,0,11-05-18,300,26,43,237.656,25,0,2,1,64,5,4
0,0,0,1,11-05-18,225,15,41,237.656,28,1,2,2,8,5,4
0,0,0,1,11-05-18,179,26,30,237.656,19,1,0,0,2,5,4
0,0,0,1,14-05-18,118,13,50,237.656,31,0,1,0,2,5,0
1,0,0,0,15-05-18,118,13,50,237.656,31,0,1,0,3,5,1
0,0,0,1,15-05-18,118,10,37,237.656,28,0,0,0,1,5,1
0,0,0,0,15-05-18,118,13,50,237.656,31,0,1,0,0,5,1
0,0,0,1,16-05-18,179,26,30,237.656,19,1,0,0,2,5,2
0,0,0,0,16-05-18,378,49,36,237.656,21,0,2,4,0,5,2
0,1,0,0,18-05-18,179,22,40,237.656,22,1,2,0,1,5,4
1,0,0,0,21-05-18,155,12,34,237.656,25,0,2,0,48,5,0
1,0,0,0,21-05-18,235,16,32,237.656,25,1,0,0,8,5,0
0,0,0,1,23-05-18,291,31,40,237.656,25,0,1,1,8,5,2
1,0,0,0,23-05-18,179,22,40,237.656,22,1,2,0,8,5,2
1,0,0,0,23-05-18,225,26,28,237.656,24,0,1,2,3,5,2
1,0,0,0,24-05-18,330,16,28,237.656,25,1,0,0,8,5,3
0,0,0,1,24-05-18,235,16,32,237.656,25,1,0,0,2,5,3
0,0,0,1,31-05-18,291,31,40,237.656,25,0,1,1,2,5,3
